Key,English,French,German,Italian,Portuguese,Spanish,Russian,Japanese,Chinese
THANK_YOU,"Thank you for playing the Axiom Verge 2 demo!

This is as much as I'm ready to show.

Thanks,
Tom

www.axiomverge.com

@axiomverge","Thank you for playing the Axiom Verge 2 demo!

This is as much as I'm ready to show.

Thanks,
Tom

www.axiomverge.com

@axiomverge","Thank you for playing the Axiom Verge 2 demo!

This is as much as I'm ready to show.

Thanks,
Tom

www.axiomverge.com

@axiomverge","Thank you for playing the Axiom Verge 2 demo!

This is as much as I'm ready to show.

Thanks,
Tom

www.axiomverge.com

@axiomverge","Thank you for playing the Axiom Verge 2 demo!

This is as much as I'm ready to show.

Thanks,
Tom

www.axiomverge.com

@axiomverge","Thank you for playing the Axiom Verge 2 demo!

This is as much as I'm ready to show.

Thanks,
Tom

www.axiomverge.com

@axiomverge","Thank you for playing the Axiom Verge 2 demo!

This is as much as I'm ready to show.

Thanks,
Tom

www.axiomverge.com

@axiomverge","Axiom Verge 2 데모 버전을 플레이해주셔서 감사합니다!

현재 공개할 수 있는 분량은 여기까지입니다.

감사합니다.
톰(Tom) 드림

www.axiomverge.com

@axiomverge","Thank you for playing the Axiom Verge 2 demo!

This is as much as I'm ready to show.

Thanks,
Tom

www.axiomverge.com

@axiomverge"
DEMO_WELCOME,"
Welcome to the Axiom Verge IGF demo!

Please note, this is a very early work-in-progress build.

Thanks!
Tom

Thomas@ThomasHapp.com
702-467-0535","
Welcome to the Axiom Verge IGF demo!

Please note, this is a very early work-in-progress build.

Thanks!
Tom

Thomas@ThomasHapp.com
702-467-0535","
Welcome to the Axiom Verge IGF demo!

Please note, this is a very early work-in-progress build.

Thanks!
Tom

Thomas@ThomasHapp.com
702-467-0535","
Welcome to the Axiom Verge IGF demo!

Please note, this is a very early work-in-progress build.

Thanks!
Tom

Thomas@ThomasHapp.com
702-467-0535","
Welcome to the Axiom Verge IGF demo!

Please note, this is a very early work-in-progress build.

Thanks!
Tom

Thomas@ThomasHapp.com
702-467-0535","
Welcome to the Axiom Verge IGF demo!

Please note, this is a very early work-in-progress build.

Thanks!
Tom

Thomas@ThomasHapp.com
702-467-0535","
Welcome to the Axiom Verge IGF demo!

Please note, this is a very early work-in-progress build.

Thanks!
Tom

Thomas@ThomasHapp.com
702-467-0535","
Axiom Verge IGF 데모 버전에 오신 것을 환영합니다!

본 빌드는 개발이 매우 초기 단계인 버전이므로 참고해 주시기 바랍니다.

감사합니다!
톰(Tom) 드림

Thomas@ThomasHapp.com
702-467-0535","
Welcome to the Axiom Verge IGF demo!

Please note, this is a very early work-in-progress build.

Thanks!
Tom

Thomas@ThomasHapp.com
702-467-0535"
PS4_KIOSK_DEMO_END,"Thank you for playing the Axiom Verge demo!

Download the final version on PS4 and Vita in early 2015!","Thank you for playing the Axiom Verge demo!

Download the final version on PS4 and Vita in early 2015!","Thank you for playing the Axiom Verge demo!

Download the final version on PS4 and Vita in early 2015!","Thank you for playing the Axiom Verge demo!

Download the final version on PS4 and Vita in early 2015!","Thank you for playing the Axiom Verge demo!

Download the final version on PS4 and Vita in early 2015!","Thank you for playing the Axiom Verge demo!

Download the final version on PS4 and Vita in early 2015!","Thank you for playing the Axiom Verge demo!

Download the final version on PS4 and Vita in early 2015!","Axiom Verge 데모 버전을 플레이해주셔서 감사합니다!

2015년 초 PS4 및 Vita로 출시되는 최종 버전을 다운로드하세요!","Thank you for playing the Axiom Verge demo!

Download the final version on PS4 and Vita in early 2015!"
IGF_END,"Thank you for playing the Axiom Verge IGF build!

This marks the end of the playable area (roughly 1/2 of the final game).

Look for the final version on PS4 and Vita in early 2015!","Thank you for playing the Axiom Verge IGF build!

This marks the end of the playable area (roughly 1/2 of the final game).

Look for the final version on PS4 and Vita in early 2015!","Thank you for playing the Axiom Verge IGF build!

This marks the end of the playable area (roughly 1/2 of the final game).

Look for the final version on PS4 and Vita in early 2015!","Thank you for playing the Axiom Verge IGF build!

This marks the end of the playable area (roughly 1/2 of the final game).

Look for the final version on PS4 and Vita in early 2015!","Thank you for playing the Axiom Verge IGF build!

This marks the end of the playable area (roughly 1/2 of the final game).

Look for the final version on PS4 and Vita in early 2015!","Thank you for playing the Axiom Verge IGF build!

This marks the end of the playable area (roughly 1/2 of the final game).

Look for the final version on PS4 and Vita in early 2015!","Thank you for playing the Axiom Verge IGF build!

This marks the end of the playable area (roughly 1/2 of the final game).

Look for the final version on PS4 and Vita in early 2015!","Axiom Verge IGF 빌드를 플레이해주셔서 감사합니다!

플레이할 수 있는 구간은 여기까지입니다. (최종 완성판의 약 절반 정도에 해당하는 분량)

2015년 초 PS4 및 Vita로 출시될 최종 버전을 기대해주세요!","Thank you for playing the Axiom Verge IGF build!

This marks the end of the playable area (roughly 1/2 of the final game).

Look for the final version on PS4 and Vita in early 2015!"
PRESS_DEMO_EPISODE,"Thank you for playing the Axiom Verge slow reveal #3!

We'll be releasing further episodes on the way to launch!
","Thank you for playing the Axiom Verge slow reveal #3!

We'll be releasing further episodes on the way to launch!
","Thank you for playing the Axiom Verge slow reveal #3!

We'll be releasing further episodes on the way to launch!
","Thank you for playing the Axiom Verge slow reveal #3!

We'll be releasing further episodes on the way to launch!
","Thank you for playing the Axiom Verge slow reveal #3!

We'll be releasing further episodes on the way to launch!
","Thank you for playing the Axiom Verge slow reveal #3!

We'll be releasing further episodes on the way to launch!
","Thank you for playing the Axiom Verge slow reveal #3!

We'll be releasing further episodes on the way to launch!
","Axiom Verge 공개 데모 3편을 플레이해주셔서 감사합니다!

정식 출시 전까지 지속적으로 추가 에피소드를 선보일 예정입니다!
","Thank you for playing the Axiom Verge slow reveal #3!

We'll be releasing further episodes on the way to launch!
"
